fold,best_epoch,val_loss,val_f1,val_auc,train_auc,train_windows,val_windows,test_windows,objective,class_count_0,class_count_1,class_count_2,pos_weight,class_weight_long,class_weight_short,class_weight_no_trade,test_f1,test_roc_auc,test_auc_roc,test_brier,precision_top_50,precision_top_20,test_accuracy,test_sharpe,test_profit_factor,test_win_rate,test_avg_r,test_max_drawdown,combine_pass_rate,avg_days_to_pass,trade_count,low_sample,sample_flag,runtime_seconds,confusion_matrix,test_sharpe_thr_0_50,trade_count_thr_0_50,win_rate_thr_0_50,test_sharpe_thr_0_55,trade_count_thr_0_55,win_rate_thr_0_55,test_sharpe_thr_0_60,trade_count_thr_0_60,win_rate_thr_0_60,test_sharpe_thr_0_65,trade_count_thr_0_65,win_rate_thr_0_65,test_sharpe_thr_0_70,trade_count_thr_0_70,win_rate_thr_0_70
fold_1,2,0.683050811290741,0.4943248532289628,0.5041227827050998,0.6451380645663469,1571,340,340,meta_label,767,804,0,0.9539800995024875,1.0,0.9539800882339478,,0.5407792207792208,0.5671652125744356,0.5671652125744356,0.24975588642585939,0.5647058823529412,0.6029411764705882,0.5411764705882353,1.5278030537439735,1.5282767870885618,0.5517241379310345,0.10824324304989404,0.01694692694782617,0.0,,29,True,low sample,1.5702187000001686,"[[97, 69], [87, 87]]",0.08405396957185171,156,0.5135135135135135,1.0416317376923432,101,0.5490196078431373,1.5278030537439735,49,0.5517241379310345,0.5790922480826076,18,0.5454545454545454,-1.6889703243514491,9,0.2
