{
  "strategy_name": "ifvg",
  "per_fold": [
    {
      "fold": "fold_1",
      "n_trades": 2,
      "n_days": 2,
      "sharpe": {
        "point": 48.87351629405641,
        "mean": 44.13278521353295,
        "std": 14.464496760408306,
        "p05": 0.0,
        "p50": 48.87351629405641,
        "p95": 48.87351629405641,
        "n_resamples": 1000,
        "n_trades": 2,
        "unreliable": true
      },
      "calmar": {
        "point": 10.0,
        "mean": 10.0,
        "std": 0.0,
        "p05": 10.0,
        "p50": 10.0,
        "p95": 10.0,
        "n_resamples": 1000,
        "n_trades": 2,
        "unreliable": true
      },
      "profit_factor": {
        "point": 10.0,
        "mean": 10.0,
        "std": 0.0,
        "p05": 10.0,
        "p50": 10.0,
        "p95": 10.0,
        "n_resamples": 1000,
        "n_trades": 2,
        "unreliable": true
      },
      "win_rate": {
        "point": 1.0,
        "mean": 1.0,
        "std": 0.0,
        "p05": 1.0,
        "p50": 1.0,
        "p95": 1.0,
        "n_resamples": 1000,
        "n_trades": 2,
        "unreliable": true
      },
      "avg_r": {
        "point": 218.53571428572468,
        "mean": 219.742410714296,
        "std": 22.07430520706393,
        "p05": 218.53571428572468,
        "p50": 218.53571428572468,
        "p95": 289.51785714286234,
        "n_resamples": 1000,
        "n_trades": 2,
        "unreliable": true
      },
      "pass_rate": {
        "point": 0.0,
        "mean": 0.0,
        "std": 0.0,
        "p05": 0.0,
        "p50": 0.0,
        "p95": 0.0,
        "n_resamples": 1000,
        "n_days": 2,
        "unreliable": true
      }
    },
    {
      "fold": "fold_2",
      "n_trades": 15,
      "n_days": 15,
      "sharpe": {
        "point": -7.056524799918003,
        "mean": -7.105260981842077,
        "std": 2.742858648270698,
        "p05": -11.454233849699333,
        "p50": -7.056524799918003,
        "p95": -2.529801098012984,
        "n_resamples": 1000,
        "n_trades": 15,
        "unreliable": true
      },
      "calmar": {
        "point": -0.9663206026121155,
        "mean": -0.9338261785865544,
        "std": 0.2638086222801888,
        "p05": -1.2653575954103586,
        "p50": -0.9617703795127238,
        "p95": -0.5234295768568558,
        "n_resamples": 1000,
        "n_trades": 15,
        "unreliable": true
      },
      "profit_factor": {
        "point": 0.2971837714753757,
        "mean": 0.3312667173988018,
        "std": 0.19251101780661892,
        "p05": 0.12057632732894698,
        "p50": 0.2971837714753757,
        "p95": 0.6657282697604758,
        "n_resamples": 1000,
        "n_trades": 15,
        "unreliable": true
      },
      "win_rate": {
        "point": 0.4,
        "mean": 0.40120000000000006,
        "std": 0.10395888076008172,
        "p05": 0.26666666666666666,
        "p50": 0.4,
        "p95": 0.6,
        "n_resamples": 1000,
        "n_trades": 15,
        "unreliable": true
      },
      "avg_r": {
        "point": -134.85119047619082,
        "mean": -133.64604761904798,
        "std": 53.75472042655586,
        "p05": -220.9693452380965,
        "p50": -134.85119047619082,
        "p95": -43.35089285714349,
        "n_resamples": 1000,
        "n_trades": 15,
        "unreliable": true
      },
      "pass_rate": {
        "point": 0.0,
        "mean": 0.0,
        "std": 0.0,
        "p05": 0.0,
        "p50": 0.0,
        "p95": 0.0,
        "n_resamples": 1000,
        "n_days": 15,
        "unreliable": true
      }
    },
    {
      "fold": "fold_3",
      "n_trades": 17,
      "n_days": 17,
      "sharpe": {
        "point": -1.711680133996007,
        "mean": -1.3926998579721774,
        "std": 2.526955008477899,
        "p05": -5.281681940114964,
        "p50": -1.593459531124696,
        "p95": 3.0395037503321634,
        "n_resamples": 1000,
        "n_trades": 17,
        "unreliable": true
      },
      "calmar": {
        "point": -0.4289840365325583,
        "mean": -0.19409255484793692,
        "std": 0.8884792461906494,
        "p05": -1.03572677068973,
        "p50": -0.4134169620943784,
        "p95": 1.308710405595502,
        "n_resamples": 1000,
        "n_trades": 17,
        "unreliable": true
      },
      "profit_factor": {
        "point": 0.7843220941812359,
        "mean": 0.8764096445226727,
        "std": 0.33699809311339746,
        "p05": 0.48423877403881627,
        "p50": 0.799350866340564,
        "p95": 1.5174229132590373,
        "n_resamples": 1000,
        "n_trades": 17,
        "unreliable": true
      },
      "win_rate": {
        "point": 0.5294117647058824,
        "mean": 0.5331764705882353,
        "std": 0.07592347267098724,
        "p05": 0.4117647058823529,
        "p50": 0.5294117647058824,
        "p95": 0.6470588235294118,
        "n_resamples": 1000,
        "n_trades": 17,
        "unreliable": true
      },
      "avg_r": {
        "point": -46.180672268910925,
        "mean": -41.78278361344874,
        "std": 66.13457072070179,
        "p05": -150.1328781512628,
        "p50": -44.02993697479328,
        "p95": 64.9377626050393,
        "n_resamples": 1000,
        "n_trades": 17,
        "unreliable": true
      },
      "pass_rate": {
        "point": 0.0,
        "mean": 0.0,
        "std": 0.0,
        "p05": 0.0,
        "p50": 0.0,
        "p95": 0.0,
        "n_resamples": 1000,
        "n_days": 17,
        "unreliable": true
      }
    },
    {
      "fold": "fold_4",
      "n_trades": 10,
      "n_days": 10,
      "sharpe": {
        "point": 1.9000116238213647,
        "mean": 2.036300928224017,
        "std": 4.085892659446659,
        "p05": -4.772778784479761,
        "p50": 1.900011623821365,
        "p95": 9.110364446958448,
        "n_resamples": 1000,
        "n_trades": 10,
        "unreliable": true
      },
      "calmar": {
        "point": 0.4718203070701689,
        "mean": 1.0075316446472742,
        "std": 1.8946942110702656,
        "p05": -0.8633128046524347,
        "p50": 0.4718203070701689,
        "p95": 4.824534231721138,
        "n_resamples": 1000,
        "n_trades": 10,
        "unreliable": true
      },
      "profit_factor": {
        "point": 1.3210585149834224,
        "mean": 1.6613394728659303,
        "std": 1.3731598806452285,
        "p05": 0.5078160978355365,
        "p50": 1.3210585149834224,
        "p95": 3.852472684189544,
        "n_resamples": 1000,
        "n_trades": 10,
        "unreliable": true
      },
      "win_rate": {
        "point": 0.6,
        "mean": 0.6007,
        "std": 0.10830286238137937,
        "p05": 0.4,
        "p50": 0.6,
        "p95": 0.8,
        "n_resamples": 1000,
        "n_trades": 10,
        "unreliable": true
      },
      "avg_r": {
        "point": 26.669642857141298,
        "mean": 26.23997321428422,
        "std": 50.81115348570994,
        "p05": -62.38482142857483,
        "p50": 26.669642857141298,
        "p95": 116.08035714285506,
        "n_resamples": 1000,
        "n_trades": 10,
        "unreliable": true
      },
      "pass_rate": {
        "point": 0.0,
        "mean": 0.0,
        "std": 0.0,
        "p05": 0.0,
        "p50": 0.0,
        "p95": 0.0,
        "n_resamples": 1000,
        "n_days": 10,
        "unreliable": true
      }
    },
    {
      "fold": "fold_5",
      "n_trades": 7,
      "n_days": 7,
      "sharpe": {
        "point": 0.1780652469479814,
        "mean": -0.8508267885483769,
        "std": 5.435324371068315,
        "p05": -11.679045111903752,
        "p50": 0.17806524694798137,
        "p95": 5.82660006340889,
        "n_resamples": 1000,
        "n_trades": 7,
        "unreliable": true
      },
      "calmar": {
        "point": 0.04672767368769879,
        "mean": 0.2281295191599588,
        "std": 1.1289424359318057,
        "p05": -1.1588601025627423,
        "p50": 0.04672767368769879,
        "p95": 2.4113720291639353,
        "n_resamples": 1000,
        "n_trades": 7,