{
  "strategy_name": "ttm",
  "per_fold": [
    {
      "fold": "fold_2",
      "n_trades": 5,
      "n_days": 5,
      "sharpe": {
        "point": 2.4106904788077554,
        "mean": 2.6074895190067875,
        "std": 4.859925485193403,
        "p05": -5.252155749334122,
        "p50": 2.4106904788077554,
        "p95": 12.76358620323709,
        "n_resamples": 1000,
        "n_trades": 5,
        "unreliable": true
      },
      "calmar": {
        "point": 0.5326347384218466,
        "mean": 0.9235262322753119,
        "std": 1.679112552036971,
        "p05": -0.9037413443563727,
        "p50": 0.5600465090526459,
        "p95": 4.430037137282334,
        "n_resamples": 1000,
        "n_trades": 5,
        "unreliable": true
      },
      "profit_factor": {
        "point": 1.3889711396104543,
        "mean": 1.6705265897614978,
        "std": 1.287649146560015,
        "p05": 0.49444739012607936,
        "p50": 1.3889711396104543,
        "p95": 4.616195631648679,
        "n_resamples": 1000,
        "n_trades": 5,
        "unreliable": true
      },
      "win_rate": {
        "point": 0.6,
        "mean": 0.5992,
        "std": 0.09999679994879836,
        "p05": 0.4,
        "p50": 0.6,
        "p95": 0.8,
        "n_resamples": 1000,
        "n_trades": 5,
        "unreliable": true
      },
      "avg_r": {
        "point": 72.25,
        "mean": 70.07669642857137,
        "std": 109.60709262551651,
        "p05": -126.55357142857247,
        "p50": 72.25,
        "p95": 271.05357142857247,
        "n_resamples": 1000,
        "n_trades": 5,
        "unreliable": true
      },
      "pass_rate": {
        "point": 0.0,
        "mean": 0.0,
        "std": 0.0,
        "p05": 0.0,
        "p50": 0.0,
        "p95": 0.0,
        "n_resamples": 1000,
        "n_days": 5,
        "unreliable": true
      }
    },
    {
      "fold": "fold_3",
      "n_trades": 13,
      "n_days": 13,
      "sharpe": {
        "point": 8.631081195111873,
        "mean": 10.539198850529644,
        "std": 9.76014961711807,
        "p05": -1.1969824151823922,
        "p50": 8.631081195111873,
        "p95": 30.542317575561903,
        "n_resamples": 1000,
        "n_trades": 13,
        "unreliable": true
      },
      "calmar": {
        "point": 2.341465558925713,
        "mean": 4.012325416396423,
        "std": 3.5846943366309225,
        "p05": -0.24387552678241275,
        "p50": 2.6198224309645113,
        "p95": 10.0,
        "n_resamples": 1000,
        "n_trades": 13,
        "unreliable": true
      },
      "profit_factor": {
        "point": 3.2224725664455716,
        "mean": 4.2576889392903885,
        "std": 3.0342302167419555,
        "p05": 0.8480169153606759,
        "p50": 3.2224725664455716,
        "p95": 10.0,
        "n_resamples": 1000,
        "n_trades": 13,
        "unreliable": true
      },
      "win_rate": {
        "point": 0.6923076923076923,
        "mean": 0.6926923076923077,
        "std": 0.13996988264386478,
        "p05": 0.46153846153846156,
        "p50": 0.6923076923076923,
        "p95": 0.9230769230769231,
        "n_resamples": 1000,
        "n_trades": 13,
        "unreliable": true
      },
      "avg_r": {
        "point": 292.6703296703317,
        "mean": 292.1925961538481,
        "std": 188.3089391172229,
        "p05": -38.18131868131828,
        "p50": 292.6703296703317,
        "p95": 623.5604395604429,
        "n_resamples": 1000,
        "n_trades": 13,
        "unreliable": true
      },
      "pass_rate": {
        "point": 1.0,
        "mean": 0.731,
        "std": 0.44343996211437686,
        "p05": 0.0,
        "p50": 1.0,
        "p95": 1.0,
        "n_resamples": 1000,
        "n_days": 13,
        "unreliable": true
      }
    },
    {
      "fold": "fold_4",
      "n_trades": 8,
      "n_days": 8,
      "sharpe": {
        "point": 0.6454365043092368,
        "mean": 0.930518050971941,
        "std": 5.7061963052102245,
        "p05": -5.659308250564832,
        "p50": 0.6454365043092368,
        "p95": 5.92165146771097,
        "n_resamples": 1000,
        "n_trades": 8,
        "unreliable": true
      },
      "calmar": {
        "point": 0.2328958482229241,
        "mean": 0.3950793694841793,
        "std": 1.2289278831420454,
        "p05": -0.9099619467926865,
        "p50": 0.16583007564012633,
        "p95": 2.0617243843803763,
        "n_resamples": 1000,
        "n_trades": 8,
        "unreliable": true
      },
      "profit_factor": {
        "point": 1.0968613621931038,
        "mean": 1.2836727909981203,
        "std": 0.8866373667082242,
        "p05": 0.45772345144151827,
        "p50": 1.0968613621931038,
        "p95": 2.315398672249047,
        "n_resamples": 1000,
        "n_trades": 8,
        "unreliable": true
      },
      "win_rate": {
        "point": 0.5,
        "mean": 0.503125,
        "std": 0.13278124632266408,
        "p05": 0.25,
        "p50": 0.5,
        "p95": 0.75,
        "n_resamples": 1000,
        "n_trades": 8,
        "unreliable": true
      },
      "avg_r": {
        "point": 16.002232142853245,
        "mean": 17.594598214281824,
        "std": 79.78787398226645,
        "p05": -119.45535714285779,
        "p50": 16.002232142853245,
        "p95": 141.66071428571104,
        "n_resamples": 1000,
        "n_trades": 8,
        "unreliable": true
      },
      "pass_rate": {
        "point": 0.0,
        "mean": 0.0,
        "std": 0.0,
        "p05": 0.0,
        "p50": 0.0,
        "p95": 0.0,
        "n_resamples": 1000,
        "n_days": 8,
        "unreliable": true
      }
    },
    {
      "fold": "fold_5",
      "n_trades": 7,
      "n_days": 7,
      "sharpe": {
        "point": 0.4977682423814571,
        "mean": 0.10809180565778509,
        "std": 5.74856584236136,
        "p05": -7.437559941049037,
        "p50": 0.4977682423814571,
        "p95": 7.5090568057165,
        "n_resamples": 1000,
        "n_trades": 7,
        "unreliable": true
      },
      "calmar": {
        "point": 0.15026650832667762,
        "mean": 0.6151340194779684,
        "std": 1.8404691350929787,
        "p05": -0.9881524618005962,
        "p50": 0.08947394385885304,
        "p95": 3.417576897284688,
        "n_resamples": 1000,
        "n_trades": 7,
        "unreliable": true
      },
      "profit_factor": {
        "point": 1.0763295596425613,
        "mean": 1.3045000315320507,
        "std": 0.9749309813057468,
        "p05": 0.3641945447103028,
        "p50": 1.0763295596425613,
        "p95": 3.233144750569336,
        "n_resamples": 1000,
        "n_trades": 7,
        "unreliable": true
      },
      "win_rate": {
        "point": 0.42857142857142855,
        "mean": 0.431,
        "std": 0.12361155417893026,
        "p05": 0.14285714285714285,
        "p50": 0.42857142857142855,
        "p95": 0.5714285714285714,
        "n_resamples": 1000,
        "n_trades": 7,
        "unreliable": true
      },
      "avg_r": {
        "point": 13.880102040817812,
        "mean": 17.8628698979606,
        "std": 113.15558211266303,
        "p05": -175.3801020408126,
        "p50": 13.880102040817812,
        "p95": 202.10714285714286,
        "n_resamples": 1000,
        "n_trades": 7,
        "unreliable": true
      },
      "pass_rate": {
        "point": 0.0,
        "mean": 0.001,
        "std": 0.03160696125855822,
        "p05": 0.0,
        "p50": 0.0,
        "p95": 0.0,
        "n_resamples": 1000,
        "n_days": 7,
        "unreliable": true
      }
    }
  ],
  "aggregated": {
    "n_trades": 33,
    "n_days": 33,
    "sharpe": {
      "point": 4.272038722767529,
      "mean": 4.313318132908703,
      "std": 3.4757020239227905,
      "p05": -1.011420872921738,
      "p50": 4.121437520602617,
      "p95": 10.260465748841614,
      "n_resamples": 1000,
      "n_trades": 33,
      "unreliable": false
    },
    "calmar": {
      "point": 1.8431510699696658,
      "mean": 3.167823992361589,
      "std": 3.111556572614345,