fold,best_epoch,val_loss,val_f1,val_auc,train_auc,train_windows,val_windows,test_windows,objective,class_count_0,class_count_1,class_count_2,pos_weight,class_weight_long,class_weight_short,class_weight_no_trade,test_f1,test_roc_auc,test_auc_roc,test_brier,precision_top_50,precision_top_20,test_accuracy,test_sharpe,test_profit_factor,test_win_rate,test_avg_r,test_max_drawdown,combine_pass_rate,avg_days_to_pass,trade_count,low_sample,sample_flag,runtime_seconds,confusion_matrix,test_sharpe_thr_0_50,trade_count_thr_0_50,win_rate_thr_0_50,test_sharpe_thr_0_55,trade_count_thr_0_55,win_rate_thr_0_55,test_sharpe_thr_0_60,trade_count_thr_0_60,win_rate_thr_0_60,test_sharpe_thr_0_65,trade_count_thr_0_65,win_rate_thr_0_65,test_sharpe_thr_0_70,trade_count_thr_0_70,win_rate_thr_0_70
fold_5,2,0.6504648923873901,0.4958105193296831,0.5283018867924528,0.6629517198434769,1845,221,101,meta_label,867,978,0,0.8865030674846626,1.0,0.8865030407905579,,0.543435534591195,0.5341176470588235,0.5341176470588235,0.25383739308476677,0.5294117647058824,0.5714285714285714,0.5445544554455446,0.10038134738556782,1.0269550148748499,0.42857142857142855,-0.2144254981965456,0.020453776999880664,0.0,,7,True,low sample,9.526830200000404,"[[30, 21], [25, 25]]",1.2497264196540847,46,0.4827586206896552,-0.3450727603166303,26,0.4444444444444444,0.10038134738556782,11,0.42857142857142855,-1.9090099877644047,6,0.3333333333333333,2.2228757209048453,2,1.0
