{
  "strategy_name": "connors",
  "per_fold": [
    {
      "fold": "fold_1",
      "n_trades": 29,
      "n_days": 29,
      "sharpe": {
        "point": 3.097604339368402,
        "mean": 3.14855626776401,
        "std": 2.213820825042743,
        "p05": -0.27543322571439033,
        "p50": 2.9902755544439303,
        "p95": 6.855701837996907,
        "n_resamples": 1000,
        "n_trades": 29,
        "unreliable": true
      },
      "calmar": {
        "point": 1.9544049459042434,
        "mean": 2.012343883392881,
        "std": 1.6118983195010081,
        "p05": -0.12895470542943974,
        "p50": 1.7509390094588322,
        "p95": 4.930240895625667,
        "n_resamples": 1000,
        "n_trades": 29,
        "unreliable": true
      },
      "profit_factor": {
        "point": 1.5282767870885618,
        "mean": 1.6001181490054335,
        "std": 0.493905446291115,
        "p05": 0.9635690603252778,
        "p50": 1.507003776163938,
        "p95": 2.488906739030243,
        "n_resamples": 1000,
        "n_trades": 29,
        "unreliable": true
      },
      "win_rate": {
        "point": 0.5517241379310345,
        "mean": 0.5501034482758621,
        "std": 0.06565132377882421,
        "p05": 0.4482758620689655,
        "p50": 0.5517241379310345,
        "p95": 0.6551724137931034,
        "n_resamples": 1000,
        "n_trades": 29,
        "unreliable": true
      },
      "avg_r": {
        "point": 59.176108374385315,
        "mean": 58.17866071428686,
        "std": 39.246265453889734,
        "p05": -5.567580049257105,
        "p50": 56.52370689655423,
        "p95": 119.94042487684864,
        "n_resamples": 1000,
        "n_trades": 29,
        "unreliable": true
      },
      "pass_rate": {
        "point": 0.0,
        "mean": 0.182,
        "std": 0.38584452827531457,
        "p05": 0.0,
        "p50": 0.0,
        "p95": 1.0,
        "n_resamples": 1000,
        "n_days": 29,
        "unreliable": true
      }
    },
    {
      "fold": "fold_2",
      "n_trades": 17,
      "n_days": 17,
      "sharpe": {
        "point": -1.5637215052799103,
        "mean": -1.4442261468139126,
        "std": 3.630685892776236,
        "p05": -7.1295954914746025,
        "p50": -1.56372150527991,
        "p95": 4.656670064078003,
        "n_resamples": 1000,
        "n_trades": 17,
        "unreliable": true
      },
      "calmar": {
        "point": -0.3927678745154225,
        "mean": 0.03439381921337448,
        "std": 1.267525165833832,
        "p05": -1.0145537116738004,
        "p50": -0.3193433618370588,
        "p95": 2.476560780429798,
        "n_resamples": 1000,
        "n_trades": 17,
        "unreliable": true
      },
      "profit_factor": {
        "point": 0.8017736282330274,
        "mean": 0.9455224021496403,
        "std": 0.5877602670101151,
        "p05": 0.385977710203986,
        "p50": 0.8017736282330274,
        "p95": 1.9487641774665905,
        "n_resamples": 1000,
        "n_trades": 17,
        "unreliable": true
      },
      "win_rate": {
        "point": 0.47058823529411764,
        "mean": 0.4682941176470588,
        "std": 0.0921011742464658,
        "p05": 0.29411764705882354,
        "p50": 0.47058823529411764,
        "p95": 0.6470588235294118,
        "n_resamples": 1000,
        "n_trades": 17,
        "unreliable": true
      },
      "avg_r": {
        "point": -55.130252100837595,
        "mean": -57.295120798316496,
        "std": 120.34277143124288,
        "p05": -259.33035714285205,
        "p50": -55.13025210083759,
        "p95": 134.85556722689103,
        "n_resamples": 1000,
        "n_trades": 17,
        "unreliable": true
      },
      "pass_rate": {
        "point": 0.0,
        "mean": 0.042,
        "std": 0.20058913230780973,
        "p05": 0.0,
        "p50": 0.0,
        "p95": 0.0,
        "n_resamples": 1000,
        "n_days": 17,
        "unreliable": true
      }
    },
    {
      "fold": "fold_3",
      "n_trades": 8,
      "n_days": 8,
      "sharpe": {
        "point": 0.219849808608991,
        "mean": 0.4982386393831752,
        "std": 13.646373005052668,
        "p05": -11.28042986816066,
        "p50": 0.219849808608991,
        "p95": 11.879361461188955,
        "n_resamples": 1000,
        "n_trades": 8,
        "unreliable": true
      },
      "calmar": {
        "point": 0.031500542193292146,
        "mean": 0.7774777625486645,
        "std": 2.3365193116179666,
        "p05": -1.109776049937857,
        "p50": 0.031500542193292146,
        "p95": 4.644410267288765,
        "n_resamples": 1000,
        "n_trades": 8,
        "unreliable": true
      },
      "profit_factor": {
        "point": 1.0302652479119927,
        "mean": 1.5788661828280868,
        "std": 1.7988492660136315,
        "p05": 0.2366115067188076,
        "p50": 1.0302652479119927,
        "p95": 4.697874391233737,
        "n_resamples": 1000,
        "n_trades": 8,
        "unreliable": true
      },
      "win_rate": {
        "point": 0.5,
        "mean": 0.502625,
        "std": 0.1378721667886597,
        "p05": 0.25,
        "p50": 0.5,
        "p95": 0.75,
        "n_resamples": 1000,
        "n_trades": 8,
        "unreliable": true
      },
      "avg_r": {
        "point": 7.9107142857110375,
        "mean": 14.340446428568233,
        "std": 188.09352058086031,
        "p05": -333.56808035714243,
        "p50": 7.9107142857110375,
        "p95": 345.18749999999545,
        "n_resamples": 1000,
        "n_trades": 8,
        "unreliable": true
      },
      "pass_rate": {
        "point": 0.0,
        "mean": 0.048,
        "std": 0.2137662274541982,
        "p05": 0.0,
        "p50": 0.0,
        "p95": 0.0,
        "n_resamples": 1000,
        "n_days": 8,
        "unreliable": true
      }
    },
    {
      "fold": "fold_4",
      "n_trades": 17,
      "n_days": 17,
      "sharpe": {
        "point": -0.9237930162880962,
        "mean": -0.9766549583659889,
        "std": 2.5252780848673724,
        "p05": -5.07284715438494,
        "p50": -0.9237930162880962,
        "p95": 3.2814211060784593,
        "n_resamples": 1000,
        "n_trades": 17,
        "unreliable": true
      },
      "calmar": {
        "point": -0.26465728682407175,
        "mean": -0.06586370974840573,
        "std": 0.9032518258416361,
        "p05": -1.0156495268732626,
        "p50": -0.2871058959743304,
        "p95": 1.7739748115669898,
        "n_resamples": 1000,
        "n_trades": 17,
        "unreliable": true
      },
      "profit_factor": {
        "point": 0.8718788191926005,
        "mean": 0.9246516338760848,
        "std": 0.35841294386664785,
        "p05": 0.47170879823389833,
        "p50": 0.8718788191926005,
        "p95": 1.6124330522829873,
        "n_resamples": 1000,
        "n_trades": 17,
        "unreliable": true
      },
      "win_rate": {
        "point": 0.5294117647058824,
        "mean": 0.5262941176470589,
        "std": 0.07949213797602882,
        "p05": 0.4117647058823529,
        "p50": 0.5294117647058824,
        "p95": 0.6470588235294118,
        "n_resamples": 1000,
        "n_trades": 17,
        "unreliable": true
      },
      "avg_r": {
        "point": -27.08928571428388,
        "mean": -31.251423319325973,
        "std": 73.39283300197552,
        "p05": -156.52337184873969,
        "p50": -27.08928571428388,
        "p95": 84.6951155462239,
        "n_resamples": 1000,
        "n_trades": 17,
        "unreliable": true
      },
      "pass_rate": {
        "point": 0.0,
        "mean": 0.005,
        "std": 0.07053367989832943,
        "p05": 0.0,
        "p50": 0.0,
        "p95": 0.0,
        "n_resamples": 1000,
        "n_days": 17,
        "unreliable": true
      }
    },
    {
      "fold": "fold_5",
      "n_trades": 14,
      "n_days": 14,
      "sharpe": {
        "point": -2.554772986271827,
        "mean": -2.3439784424438987,
        "std": 2.700846816584879,
        "p05": -6.673301828430668,
        "p50": -2.554772986271827,